decade,imdb_rating
1950,7.124193548387097
1960,7.0
1970,6.68957654723127
1980,6.306788511749347
1990,5.571907756813418
2000,5.458670520231214
2010,5.754396248534584
